Region,Site,Latitude,Longitude,Date,Method,ID,Sex,Age_class,Mass,Culmen,Tarsus,Wing_length
South BC,Bedwell Bay,49.31603,-122.91617,2007-02-07,Capture,154736330,Female,Hatch Year,667,29.28,36.19,212
South BC,Bedwell Bay,49.31603,-122.91617,2007-02-07,Capture,154736318,Female,After Hatch Year,758,32.17,38.02,213
South BC,Bedwell Bay,49.31603,-122.91617,2007-02-07,Capture,154736321,Female,After Hatch Year,725,31.32,37.13,215
South BC,Bedwell Bay,49.31603,-122.91617,2007-02-08,Capture,154736346,Female,After Hatch Year,785,32.39,37.83,216
South BC,Bedwell Bay,49.31603,-122.91617,2007-02-07,Capture,154736328,Female,After Hatch Year,770,31.62,36.8,217
South BC,Bedwell Bay,49.31603,-122.91617,2007-02-08,Capture,154736344,Female,After Hatch Year,710,30.18,36.82,217
South BC,Bedwell Bay,49.31603,-122.91617,2007-02-07,Capture,154736320,Female,After Hatch Year,831,30.47,38.69,218
South BC,Bedwell Bay,49.31603,-122.91617,2007-02-07,Capture,154736331,Female,After Hatch Year,719,31.95,37.16,219
South BC,Bedwell Bay,49.31603,-122.91617,2007-02-08,Capture,154736345,Female,Hatch Year,770,30.82,39.37,219
South BC,Bedwell Bay,49.31603,-122.91617,2007-02-07,Capture,154736332,Female,After Hatch Year,768,32.18,37.67,221
South BC,Bedwell Bay,49.31603,-122.91617,2007-02-07,Capture,154736323,Female,After Hatch Year,764,30.65,36.18,223
South BC,Bedwell Bay,49.31603,-122.91617,2007-02-07,Capture,154736329,Female,After Hatch Year,843,33.27,38.79,225
South BC,Bedwell Bay,49.31603,-122.91617,2007-02-07,Capture,154736324,Male,Hatch Year,1069,35.11,42.23,228
South BC,Bedwell Bay,49.31603,-122.91617,2007-02-07,Capture,154736333,Male,Hatch Year,979,35.28,41.26,232
South BC,Bedwell Bay,49.31603,-122.91617,2007-02-07,Capture,154736319,Male,After Hatch Year,1018,40.61,40.16,233
South BC,Bedwell Bay,49.31603,-122.91617,2007-02-07,Capture,154736335,Male,After Hatch Year,1016,35.29,40.38,234
South BC,Bedwell Bay,49.31603,-122.91617,2007-02-08,Capture,154736347,Male,After Hatch Year,1174,35.37,42.91,236
South BC,Bedwell Bay,49.31603,-122.91617,2007-02-07,Capture,154736334,Male,After Hatch Year,1065,31.66,41.64,238
South BC,Bedwell Bay,49.31603,-122.91617,2007-02-07,Capture,154736325,Male,After Hatch Year,1117,34.84,40.88,239
South BC,Bedwell Bay,49.31603,-122.91617,2007-02-07,Capture,154736327,Male,After Hatch Year,1115,34.3,41.52,239
South BC,Bedwell Bay,49.31603,-122.91617,2007-02-08,Capture,154736348,Male,After Hatch Year,1119,35.5,41.57,239
South BC,Bedwell Bay,49.31603,-122.91617,2007-02-07,Capture,154736322,Male,After Hatch Year,1115,36.54,40.65,240
South BC,Bedwell Bay,49.31603,-122.91617,2007-02-07,Capture,154736326,Male,After Hatch Year,1051,33.13,42.32,241
South BC,Bedwell Bay,49.31603,-122.91617,2007-02-07,Capture,,Male,After Hatch Year,1117,35.51,41.97,243
South BC,Bedwell Bay,49.31603,-122.91617,2007-02-07,Capture,154736336,Male,After Hatch Year,1087,35.66,41.61,246
South BC,Buntzen Bay,49.3836,-122.86469,2011-04-05,Capture,154736491,Female,After Hatch Year,665,31.43,34.96,200
South BC,Buntzen Bay,49.3836,-122.86469,2011-04-06,Capture,154736460,Female,Hatch Year,789,31.97,36.6,210
South BC,Buntzen Bay,49.3836,-122.86469,2011-04-06,Capture,154711953,Female,Hatch Year,669,29.84,35.99,211
South BC,Buntzen Bay,49.3836,-122.86469,2011-04-05,Capture,154736489,Female,Hatch Year,647,32.07,36.09,211
South BC,Buntzen Bay,49.3836,-122.86469,2011-04-06,Capture,154711955,Female,After Hatch Year,736,31.98,35.87,213
South BC,Buntzen Bay,49.3836,-122.86469,2011-04-06,Capture,154736456,Female,After Hatch Year,746,30.42,34.89,215
South BC,Buntzen Bay,49.3836,-122.86469,2011-04-06,Capture,154711954,Female,After Hatch Year,794,30.35,35.12,215
South BC,Buntzen Bay,49.3836,-122.86469,2011-04-06,Capture,154736458,Female,After Hatch Year,751,30.44,34.5,216
South BC,Buntzen Bay,49.3836,-122.86469,2011-04-05,Capture,154736493,Female,After Hatch Year,793,31.33,36.08,218
South BC,Buntzen Bay,49.3836,-122.86469,2011-04-06,Capture,154711951,Female,Hatch Year,720,31.96,35.29,219
South BC,Buntzen Bay,49.3836,-122.86469,2011-04-06,Capture,154711956,Female,After Hatch Year,720,31.82,35.71,219
South BC,Buntzen Bay,49.3836,-122.86469,2011-04-06,Capture,154736459,Male,Hatch Year,1005,35.19,40.68,230
South BC,Buntzen Bay,49.3836,-122.86469,2011-04-06,Capture,154711957,Male,After Hatch Year,1021,35.24,40.93,233
South BC,Buntzen Bay,49.3836,-122.86469,2011-04-05,Capture,154736494,Male,After Hatch Year,1088,33.4,37.8,234
South BC,Buntzen Bay,49.3836,-122.86469,2011-04-06,Capture,154711959,Male,After Hatch Year,1039,35.26,37.94,236
South BC,Buntzen Bay,49.3836,-122.86469,2011-04-05,Capture,154736492,Male,After Hatch Year,1049,34.49,38.84,236
South BC,Buntzen Bay,49.3836,-122.86469,2011-04-06,Capture,154711961,Male,After Hatch Year,991,36.81,39.68,237
South BC,Buntzen Bay,49.3836,-122.86469,2011-04-06,Capture,154711960,Male,After Hatch Year,1189,34.8,39.53,238
South BC,Buntzen Bay,49.3836,-122.86469,2011-04-06,Capture,154711952,Male,After Hatch Year,1075,32.48,38.15,239
South BC,Buntzen Bay,49.3836,-122.86469,2011-04-05,Capture,154736490,Male,After Hatch Year,1049,35.23,40.47,239
South BC,Buntzen Bay,49.3836,-122.86469,2011-04-06,Capture,154711962,Male,After Hatch Year,1012,33.63,41.05,240
South BC,Buntzen Bay,49.3836,-122.86469,2011-04-06,Capture,154711958,Male,After Hatch Year,1139,33.15,41.55,243
South BC,Burrard Inlet,49.29844,-122.86778,2015-04-11,Capture,176715073,Male,Hatch Year,967,34.86,41.42,226
South BC,Hamber Island,49.31845,-122.93327,2007-02-06,Capture,240609026,Female,Hatch Year,634,31.57,36.58,201
South BC,Hamber Island,49.31845,-122.93327,2007-02-06,Capture,240609025,Female,Hatch Year,699,30.64,36.26,203
South BC,Hamber Island,49.31845,-122.93327,2007-02-06,Capture,240609024,Female,Hatch Year,641,31.26,35.33,205
South BC,Hamber Island,49.31845,-122.93327,2007-02-06,Capture,154736308,Female,Hatch Year,703,30.91,36.94,208
South BC,Hamber Island,49.31845,-122.93327,2007-02-06,Capture,154736305,Male,Hatch Year,887,35.32,40.39,218
South BC,Hamber Island,49.31845,-122.93327,2007-02-06,Capture,154736303,Female,After Hatch Year,748,31.71,37.8,220
South BC,Hamber Island,49.31845,-122.93327,2007-02-06,Capture,154736316,Male,Hatch Year,988,34.05,41.58,221
South BC,Hamber Island,49.31845,-122.93327,2007-02-06,Capture,154736317,Male,Hatch Year,987,33.83,40.59,226
South BC,Hamber Island,49.31845,-122.93327,2007-02-06,Capture,154736310,Male,Hatch Year,1054,34.49,41,228
South BC,Hamber Island,49.31845,-122.93327,2007-02-06,Capture,154736302,Male,Hatch Year,948,34.91,40.31,229
South BC,Hamber Island,49.31845,-122.93327,2007-02-06,Capture,154736306,Male,Hatch Year,1026,33.5,40.54,229
South BC,Hamber Island,49.31845,-122.93327,2007-02-06,Capture,154736315,Male,Hatch Year,972,33.43,40.61,230
South BC,Hamber Island,49.31845,-122.93327,2007-02-06,Capture,154736309,Male,Hatch Year,1011,33.51,41.69,231
South BC,Hamber Island,49.31845,-122.93327,2007-02-06,Capture,154736314,Male,Hatch Year,1042,34.5,41.93,231
South BC,Hamber Island,49.31845,-122.93327,2007-02-06,Capture,154736311,Male,Hatch Year,956,33.74,40.43,233
South BC,Hamber Island,49.31845,-122.93327,2007-02-06,Capture,154736313,Male,Hatch Year,1052,33.97,41.13,233
South BC,Hamber Island,49.31845,-122.93327,2007-02-06,Capture,154736307,Male,After Hatch Year,1055,35.31,42.27,234
South BC,Hamber Island,49.31845,-122.93327,2007-02-06,Capture,154736312,Male,Hatch Year,1093,36.51,43.64,235
South BC,Hamber Island,49.31845,-122.93327,2007-02-06,Capture,154736301,Male,After Hatch Year,1082,34.86,42.64,237
South BC,Hamber Island,49.31845,-122.93327,2007-02-06,Capture,154736304,Male,Hatch Year,1076,34.94,42.07,238
South BC,Indian Arm,49.38029,-122.88188,2015-04-08,Capture,176715046,Female,Hatch Year,688,31.22,36.82,198
South BC,Indian Arm,49.38029,-122.88188,2015-04-09,Capture,176715060,Female,Hatch Year,640,27.81,36.03,200
South BC,Indian Arm,49.32399,-122.90476,2015-04-07,Capture,176715027,Female,Hatch Year,698,27.78,36.03,201
South BC,Indian Arm,49.38029,-122.88188,2015-04-08,Capture,176715034,Female,After Hatch Year,791,31.23,36.67,205
South BC,Indian Arm,49.38029,-122.88188,2015-04-08,Capture,176715045,Female,Hatch Year,727,31.11,37.4,205
South BC,Indian Arm,49.38029,-122.88188,2015-04-08,Capture,176715048,Female,Hatch Year,703,31.87,38.05,205
South BC,Indian Arm,49.38029,-122.88188,2015-04-08,Capture,176715042,Female,Hatch Year,673,30.12,36.47,206
South BC,Indian Arm,49.38029,-122.88188,2015-04-09,Capture,176715059,Female,Hatch Year,684,29.91,37.76,207
South BC,Indian Arm,49.43382,-122.87371,2011-04-07,Capture,154711977,Female,Hatch Year,723,29.59,35.32,208
South BC,Indian Arm,49.38029,-122.88188,2015-04-09,Capture,176715062,Female,Hatch Year,726,31.78,37.75,208
South BC,Indian Arm,49.43382,-122.87371,2011-04-07,Capture,154711971,Female,Hatch Year,692,31.7,35.49,210
South BC,Indian Arm,49.43382,-122.87371,2011-04-07,Capture,154711978,Female,Hatch Year,686,30.93,35.49,210
South BC,Indian Arm,49.37253,-122.88893,2015-04-10,Capture,176715067,Female,Hatch Year,742,29.89,36.56,210
South BC,Indian Arm,49.38029,-122.88188,2015-04-08,Capture,176715031,Female,After Hatch Year,758,29.66,36.68,210
South BC,Indian Arm,49.38029,-122.88188,2015-04-08,Capture,176715041,Female,Hatch Year,724,31.87,38.04,210
South BC,Indian Arm,49.38029,-122.88188,2015-04-09,Capture,176715049,Female,After Hatch Year,837,30.36,37.25,211
South BC,Indian Arm,49.38029,-122.88188,2015-04-09,Capture,176715054,Female,After Hatch Year,831,29.87,37.91,211
South BC,Indian Arm,49.38029,-122.88188,2015-04-08,Capture,176715038,Female,Hatch Year,765,31.43,38.59,211
South BC,Indian Arm,49.32399,-122.90476,2015-04-07,Capture,176715030,Female,Hatch Year,750,30.05,38.96,212
South BC,Indian Arm,49.37253,-122.88893,2015-04-10,Capture,176715068,Male,Hatch Year,988,34.76,39.07,212
South BC,Indian Arm,49.38029,-122.88188,2015-04-09,Capture,176715056,Female,After Hatch Year,797,31.75,37.34,215
South BC,Indian Arm,49.44361,-122.87911,2011-04-07,Capture,154711975,Female,After Hatch Year,750,31.12,37.43,215
South BC,Indian Arm,49.32399,-122.90476,2015-04-07,Capture,176715026,Female,Hatch Year,790,30.68,37.68,215
South BC,Indian Arm,49.44361,-122.87911,2011-04-07,Capture,154711963,Female,After Hatch Year,769,29.49,34.94,216
South BC,Indian Arm,49.43382,-122.87371,2011-04-07,Capture,154711974,Female,After Hatch Year,794,29.74,36.03,216
South BC,Indian Arm,49.38029,-122.88188,2015-04-08,Capture,176715039,Female,Hatch Year,705,31.48,37.52,216
South BC,Indian Arm,49.38029,-122.88188,2015-04-09,Capture,176715063,Male,Hatch Year,915,33.99,39.51,216
South BC,Indian Arm,49.38029,-122.88188,2015-04-09,Capture,176715052,Female,Hatch Year,734,30.51,37.03,217
South BC,Indian Arm,49.38029,-122.88188,2015-04-09,Capture,176715050,Female,Hatch Year,707,33.68,37.09,217
South BC,Indian Arm,49.37253,-122.88893,2015-04-10,Capture,176715066,Female,After Hatch Year,861,32.92,38.79,218
South BC,Indian Arm,49.32399,-122.90476,2015-04-07,Capture,176715029,Female,After Hatch Year,896,31.97,36.14,220
South BC,Indian Arm,49.37253,-122.88893,2015-04-10,Capture,176715065,Female,After Hatch Year,882,33.16,36.58,220
South BC,Indian Arm,49.38029,-122.88188,2015-04-08,Capture,176715037,Female,After Hatch Year,800,32.24,36.89,220
South BC,Indian Arm,49.43382,-122.87371,2011-04-07,Capture,154711969,Female,After Hatch Year,833,30.53,36.21,221
South BC,Indian Arm,49.32399,-122.90476,2015-04-07,Capture,176715024,Female,After Hatch Year,758,30.22,37.22,222
South BC,Indian Arm,49.38029,-122.88188,2015-04-08,Capture,176715047,Male,Hatch Year,1020,33.82,41.38,225
South BC,Indian Arm,49.38029,-122.88188,2015-04-08,Capture,176715043,Male,Hatch Year,1035,35.89,42.09,225
South BC,Indian Arm,49.32399,-122.90476,2015-04-07,Capture,176715028,Male,Hatch Year,995,34.83,40.93,226
South BC,Indian Arm,49.38029,-122.88188,2015-04-09,Capture,176715064,Male,Hatch Year,925,33.72,41.23,226
South BC,Indian Arm,49.38029,-122.88188,2015-04-09,Capture,176715061,Male,Hatch Year,1005,34.41,42.24,227
South BC,Indian Arm,49.38029,-122.88188,2015-04-08,Capture,176715044,Male,Hatch Year,961,34.52,41.94,228
South BC,Indian Arm,49.38029,-122.88188,2015-04-08,Capture,176715040,Male,Hatch Year,1011,34.43,41.39,230
South BC,Indian Arm,49.32399,-122.90476,2015-04-07,Capture,176715025,Male,Hatch Year,1012,34.58,41.64,230
South BC,Indian Arm,49.38029,-122.88188,2015-04-09,Capture,176715057,Male,After Hatch Year,1177,34.24,40.08,232
South BC,Indian Arm,49.43382,-122.87371,2011-04-07,Capture,154711972,Male,Hatch Year,1039,33.59,40.43,232
South BC,Indian Arm,49.37253,-122.88893,2015-04-10,Capture,176715071,Male,After Hatch Year,1156,36.56,42.28,232
South BC,Indian Arm,49.37253,-122.88893,2015-04-10,Capture,176715072,Male,After Hatch Year,1070,35.5,40.66,233
South BC,Indian Arm,49.38029,-122.88188,2015-04-08,Capture,176715032,Male,After Hatch Year,978,34.56,39.29,234
South BC,Indian Arm,49.44361,-122.87911,2011-04-07,Capture,154711964,Male,Hatch Year,1119,36.29,40.74,234
South BC,Indian Arm,49.38029,-122.88188,2015-04-09,Capture,176715053,Male,After Hatch Year,983,34.59,41.5,235
South BC,Indian Arm,49.38029,-122.88188,2015-04-09,Capture,176715058,Male,After Hatch Year,1114,34.58,41.45,236
South BC,Indian Arm,49.44361,-122.87911,2011-04-07,Capture,154711965,Male,After Hatch Year,1039,35.01,40.06,238
South BC,Indian Arm,49.37253,-122.88893,2015-04-10,Capture,176715069,Male,After Hatch Year,1160,36,41.23,238
South BC,Indian Arm,49.37253,-122.88893,2015-04-10,Capture,176715070,Male,After Hatch Year,1206,33.82,40.51,240
South BC,Indian Arm,49.38029,-122.88188,2015-04-08,Capture,176715035,Male,After Hatch Year,1140,34.76,41.74,240
South BC,Indian Arm,49.38029,-122.88188,2015-04-08,Capture,176715036,Male,After Hatch Year,1154,37.04,41.75,240
South BC,Indian Arm,49.43382,-122.87371,2011-04-07,Capture,154711966,Male,After Hatch Year,986,35.01,39.46,241
South BC,Indian Arm,49.44361,-122.87911,2011-04-07,Capture,154711970,Male,After Hatch Year,1103,35.16,38.54,242
South BC,Indian Arm,49.43382,-122.87371,2011-04-07,Capture,154711967,Male,After Hatch Year,1061,35.42,38.91,242
South BC,Indian Arm,49.38029,-122.88188,2015-04-09,Capture,176715055,Male,After Hatch Year,1193,33.32,41.45,242
South BC,Indian Arm,49.44361,-122.87911,2011-04-07,Capture,154711976,Male,After Hatch Year,1130,35.15,40.17,243
South BC,Indian Arm,49.43382,-122.87371,2011-04-07,Capture,154711973,Male,After Hatch Year,1155,33.82,41.17,244
South BC,Indian Arm,49.38029,-122.88188,2015-04-09,Capture,176715051,Male,After Hatch Year,1196,35.37,41.72,244
South BC,Indian Arm,49.38029,-122.88188,2015-04-08,Capture,176715033,Male,After Hatch Year,1265,34.68,42.41,244
South BC,Indian Arm,49.43382,-122.87371,2011-04-07,Capture,154711968,Male,After Hatch Year,1144,34.78,40.01,247
Southeast AK,Juneau,58.25699,-134.32143,2012-04-07,Capture,176721804,Female,Hatch Year,649,30.47,35.22,204
Southeast AK,Juneau,58.25699,-134.32143,2012-04-07,Capture,176721805,Female,Hatch Year,660,31.52,34.31,205
Southeast AK,Juneau,58.30148,-134.68385,2012-04-12,Capture,176721837,Female,Hatch Year,736,30.44,36,207
Southeast AK,Juneau,58.24651,-134.33572,2012-04-07,Capture,176721808,Female,After Hatch Year,713,30.31,36.68,210
Southeast AK,Juneau,58.24651,-134.33572,2012-04-07,Capture,176721809,Female,Hatch Year,683,31.1,37,212
Southeast AK,Juneau,58.23174,-134.30043,2012-04-15,Capture,176721842,Female,After Hatch Year,858,29.3,34.18,214
Southeast AK,Juneau,58.30148,-134.68385,2012-04-12,Capture,176721836,Female,After Hatch Year,731,29,35.75,214
Southeast AK,Juneau,58.30148,-134.68385,2012-04-08,Capture,176721821,Female,After Hatch Year,752,30.8,35.83,215
Southeast AK,Juneau,58.25938,-134.35732,2012-04-17,Capture,176721843,Female,After Hatch Year,758,31.41,36.5,215
Southeast AK,Juneau,58.24651,-134.33572,2012-04-07,Capture,176721807,Female,After Hatch Year,766,31.8,37.32,215
Southeast AK,Juneau,58.30148,-134.68385,2012-04-12,Capture,176721839,Female,After Hatch Year,796,29.58,34.98,218
Southeast AK,Juneau,58.23174,-134.30043,2012-04-15,Capture,176721841,Female,After Hatch Year,808,31.3,36.5,220
Southeast AK,Juneau,58.22058,-134.49101,2012-04-18,Capture,176721845,Female,After Hatch Year,823,31.58,37.4,220
Southeast AK,Juneau,58.24651,-134.33572,2012-04-09,Capture,176721831,Male,Hatch Year,858,34.28,39.92,220
Southeast AK,Juneau,58.23174,-134.30043,2012-04-10,Capture,176721832,Female,After Hatch Year,793,30.3,36.32,222
Southeast AK,Juneau,58.30148,-134.68385,2012-04-08,Capture,176721819,Female,After Hatch Year,752,31.15,36.64,222
Southeast AK,Juneau,58.30148,-134.68385,2012-04-08,Capture,176721817,Female,After Hatch Year,772,31.7,36.91,225
Southeast AK,Juneau,58.24819,-134.33679,2012-04-06,Capture,176721801,Male,Hatch Year,1040,35.9,40.45,230
Southeast AK,Juneau,58.30148,-134.68385,2012-04-08,Capture,176721824,Male,Hatch Year,949,33.92,40.55,230
Southeast AK,Juneau,58.24651,-134.33572,2012-04-09,Capture,176721830,Male,After Hatch Year,1130,38.7,39.3,232
Southeast AK,Juneau,58.25699,-134.32143,2012-04-07,Capture,,Male,After Hatch Year,1076,34.3,40.42,232
Southeast AK,Juneau,58.23174,-134.30043,2012-04-10,Capture,176721833,Male,After Hatch Year,1065,35.66,40.86,232
Southeast AK,Juneau,58.25699,-134.32143,2012-04-07,Capture,176721802,Male,After Hatch Year,1141,34.48,41.69,232
Southeast AK,Juneau,58.25699,-134.32143,2012-04-09,Capture,176721825,Male,After Hatch Year,995,33.7,39.91,235
Southeast AK,Juneau,58.30148,-134.68385,2012-04-08,Capture,176721814,Male,After Hatch Year,996,34.94,40.27,235
Southeast AK,Juneau,58.24651,-134.33572,2012-04-07,Capture,176721810,Male,After Hatch Year,1075,33.22,40.51,235
Southeast AK,Juneau,58.30148,-134.68385,2012-04-12,Capture,176721703,Male,After Hatch Year,1041,33.38,41.01,235
Southeast AK,Juneau,58.25699,-134.32143,2012-04-09,Capture,176721829,Male,After Hatch Year,1136,34.3,41.96,235
Southeast AK,Juneau,58.24651,-134.33572,2012-04-07,Capture,176721806,Male,After Hatch Year,1035,33.21,38.56,236
Southeast AK,Juneau,58.25699,-134.32143,2012-04-07,Capture,176721811,Male,After Hatch Year,1007,33.61,40.4,236
Southeast AK,Juneau,58.22058,-134.49101,2012-04-18,Capture,176721850,Male,After Hatch Year,1026,33.58,38.72,237
Southeast AK,Juneau,58.30148,-134.68385,2012-04-08,Capture,176721818,Male,After Hatch Year,1051,33.68,40.3,237
Southeast AK,Juneau,58.25699,-134.32143,2012-04-09,Capture,176721828,Male,After Hatch Year,1080,35.14,40.79,237
Southeast AK,Juneau,58.30148,-134.68385,2012-04-08,Capture,176721816,Male,After Hatch Year,1122,35.16,41.1,239
Southeast AK,Juneau,58.25699,-134.32143,2012-04-09,Capture,176721826,Male,After Hatch Year,994,34.62,39.74,240
Southeast AK,Juneau,58.25699,-134.32143,2012-04-07,Capture,176721803,Male,After Hatch Year,1152,34.21,40.52,240
Southeast AK,Juneau,58.30148,-134.68385,2012-04-08,Capture,176721823,Male,After Hatch Year,1130,33.58,40.54,240
Southeast AK,Juneau,58.25699,-134.32143,2012-04-09,Capture,176721827,Male,After Hatch Year,1102,35.22,40.58,240
Southeast AK,Juneau,58.30148,-134.68385,2012-04-08,Capture,176721813,Male,After Hatch Year,1191,35.05,40.71,240
Southeast AK,Juneau,58.30148,-134.68385,2012-04-08,Capture,176721815,Male,After Hatch Year,1192,33.72,41.72,240
Southeast AK,Juneau,58.23174,-134.30043,2012-04-15,Capture,176721840,Male,After Hatch Year,1167,36.1,41.19,241
Southeast AK,Juneau,58.23174,-134.30043,2012-04-10,Capture,176721834,Male,After Hatch Year,1108,33.68,39,242
Southeast AK,Juneau,58.25938,-134.35732,2012-04-17,Capture,176721844,Male,After Hatch Year,1244,35.18,39.6,242
Southeast AK,Juneau,58.25699,-134.32143,2012-04-07,Capture,176721812,Male,After Hatch Year,1094,33.86,40.15,242
Southeast AK,Juneau,58.22058,-134.49101,2012-04-18,Capture,176721849,Male,After Hatch Year,1202,33.62,40.4,242
Southeast AK,Juneau,58.24651,-134.33572,2012-04-07,Capture,,Male,After Hatch Year,1101,36.08,40.9,242
Southeast AK,Juneau,58.30148,-134.68385,2012-04-12,Capture,176721702,Male,After Hatch Year,1232,35.39,41,242
Southeast AK,Juneau,58.30148,-134.68385,2012-04-08,Capture,176721822,Male,After Hatch Year,1173,33.35,41.14,242
Southeast AK,Juneau,58.30148,-134.68385,2012-04-14,Capture,176721709,Male,After Hatch Year,1158,34.02,42.12,242
Southeast AK,Juneau,58.30148,-134.68385,2012-04-08,Capture,176721820,Male,After Hatch Year,1127,33,42.3,242
Southeast AK,Juneau,58.22058,-134.49101,2012-04-18,Capture,176721846,Male,After Hatch Year,1148,33.72,40,243
Southeast AK,Juneau,58.30148,-134.68385,2012-04-12,Capture,176721838,Male,After Hatch Year,1172,33.72,40.16,243
Southeast AK,Juneau,58.23174,-134.30043,2012-04-10,Capture,176721835,Male,After Hatch Year,1141,36.78,41.1,243
Southeast AK,Juneau,58.22058,-134.49101,2012-04-18,Capture,176721848,Male,After Hatch Year,1016,35,41.12,243
Southeast AK,Juneau,58.22058,-134.49101,2012-04-18,Capture,176721847,Male,After Hatch Year,1023,36.12,40.18,244
Southeast AK,Juneau,58.52515,-134.82384,2012-04-10,Capture,176721701,Male,After Hatch Year,1116,35.91,40.33,250
Southeast AK,Juneau,58.30148,-134.68385,2012-04-12,Capture,176721707,Male,After Hatch Year,1114,,,
Southeast AK,Juneau,58.30148,-134.68385,2012-04-12,Capture,176721706,Male,After Hatch Year,1062,,,
Southeast AK,Juneau,58.22058,-134.49101,2012-04-15,Capture,176721710,Male,After Hatch Year,,,,
Southeast AK,Juneau,58.52515,-134.82384,2012-04-13,Capture,176721708,Male,After Hatch Year,,,,
South-central AK,Kachemak Bay,,,2013-04-04,Capture,176721934,Female,Hatch Year,738,32.6,38.4,192
South-central AK,Kachemak Bay,,,2013-04-04,Capture,176721925,Female,After Hatch Year,667,29.7,36.3,200
South-central AK,Kachemak Bay,,,2013-04-04,Capture,176721932,Female,Hatch Year,585,30,37,200
South-central AK,Kachemak Bay,,,2013-04-04,Capture,176721931,Female,Hatch Year,663,30.4,37.3,204
South-central AK,Kachemak Bay,,,2013-04-08,Capture,176721718,Female,Hatch Year,650,32.3,37.4,204
South-central AK,Kachemak Bay,,,2013-04-04,Capture,176721929,Female,Hatch Year,711,30.8,37.4,205
South-central AK,Kachemak Bay,,,2013-04-05,Capture,176721857,Female,Hatch Year,648,30.2,38.7,205
South-central AK,Kachemak Bay,,,2013-04-04,Capture,176721927,Female,Hatch Year,685,31.1,38.78,205
South-central AK,Kachemak Bay,,,2013-04-08,Capture,176721717,Female,Hatch Year,720,31.2,40.3,205
South-central AK,Kachemak Bay,,,2013-04-05,Capture,176721851,Female,Hatch Year,672,30.8,36.3,208
South-central AK,Kachemak Bay,,,2013-04-05,Capture,176721859,Female,Hatch Year,665,30.5,38.5,210
South-central AK,Kachemak Bay,,,2013-04-05,Capture,176721856,Female,Hatch Year,706,30.6,38.7,210
South-central AK,Kachemak Bay,,,2013-04-04,Capture,176721924,Female,Hatch Year,728,30.62,39.9,210
South-central AK,Kachemak Bay,,,2013-04-08,Capture,176721721,Female,After Hatch Year,737,31.9,37.8,215
South-central AK,Kachemak Bay,,,2013-04-05,Capture,176721939,Female,After Hatch Year,789,30.5,39.5,217
South-central AK,Kachemak Bay,,,2013-04-08,Capture,176721950,Female,After Hatch Year,811,31.7,40.1,218
South-central AK,Kachemak Bay,,,2013-04-06,Capture,176721944,Female,After Hatch Year,850,32.4,40.7,220
South-central AK,Kachemak Bay,,,2013-04-03,Capture,176721908,Female,After Hatch Year,761,31.8,38.1,221
South-central AK,Kachemak Bay,,,2013-04-04,Capture,176721920,Female,After Hatch Year,767,31.6,38.3,221
South-central AK,Kachemak Bay,,,2013-04-04,Capture,176721921,Female,After Hatch Year,772,28.9,40.2,221.2
South-central AK,Kachemak Bay,,,2013-04-04,Capture,176721938,Female,After Hatch Year,804,31.4,40.6,222
South-central AK,Kachemak Bay,,,2013-04-04,Capture,176721933,Female,After Hatch Year,830,31.5,40.9,222
South-central AK,Kachemak Bay,,,2013-04-03,Capture,176721910,Female,After Hatch Year,711,30.3,47,222
South-central AK,Kachemak Bay,,,2013-04-03,Capture,176721912,Male,After Hatch Year,939,33.5,44.2,223.5
South-central AK,Kachemak Bay,,,2013-04-04,Capture,176721915,Female,After Hatch Year,759.4,33.6,38,224
South-central AK,Kachemak Bay,,,2013-04-08,Capture,176721949,Female,After Hatch Year,787,30.9,41.1,224
South-central AK,Kachemak Bay,,,2013-04-05,Capture,,Male,After Hatch Year,1134,33.2,43.2,224
South-central AK,Kachemak Bay,,,2013-04-03,Capture,176721911,Male,After Hatch Year,1045,33.2,44.9,224.3
South-central AK,Kachemak Bay,,,2013-04-03,Capture,176721914,Male,After Hatch Year,1055.4,34.2,43.6,224.5
South-central AK,Kachemak Bay,,,2013-04-04,Capture,176721926,Female,Hatch Year,707,32.2,40,225
South-central AK,Kachemak Bay,,,2013-04-04,Capture,176721937,Male,Hatch Year,1047,33.6,40.7,230
South-central AK,Kachemak Bay,,,2013-04-05,Capture,176721853,Male,Hatch Year,947,35,42,230
South-central AK,Kachemak Bay,,,2013-04-05,Capture,176721858,Male,Hatch Year,1072,36.9,42.5,230
South-central AK,Kachemak Bay,,,2013-04-04,Capture,176721928,Male,After Hatch Year,947,33.68,42.6,231
South-central AK,Kachemak Bay,,,2013-04-06,Capture,176721941,Male,After Hatch Year,1066,34.7,40.4,233
South-central AK,Kachemak Bay,,,2013-04-04,Capture,176721936,Male,After Hatch Year,1183,33.8,43.1,234
South-central AK,Kachemak Bay,,,2013-04-04,Capture,176721935,Male,After Hatch Year,1023,34.7,40.8,235
South-central AK,Kachemak Bay,,,2013-04-08,Capture,176721720,Male,After Hatch Year,1119,33,41.7,235
South-central AK,Kachemak Bay,,,2013-04-05,Capture,176721855,Male,After Hatch Year,1073,36.1,42.3,235
South-central AK,Kachemak Bay,,,2013-04-05,Capture,176721999,Male,Hatch Year,954,33.4,42.8,235
South-central AK,Kachemak Bay,,,2013-04-04,Capture,176721916,Male,Hatch Year,967,35.6,43.3,235
South-central AK,Kachemak Bay,,,2013-04-05,Capture,176721854,Male,After Hatch Year,1138,34.9,43.7,235
South-central AK,Kachemak Bay,,,2013-04-04,Capture,176721922,Male,Hatch Year,998,35.6,43.8,235
South-central AK,Kachemak Bay,,,2013-04-06,Capture,176721942,Male,After Hatch Year,1108,32.1,40.8,238
South-central AK,Kachemak Bay,,,2013-04-03,Capture,176721909,Male,After Hatch Year,1104,33.6,43,240
South-central AK,Kachemak Bay,,,2013-04-02,Capture,176721906,Male,After Hatch Year,1024,34.3,45.5,240
South-central AK,Kachemak Bay,,,2013-04-08,Capture,176721719,Male,After Hatch Year,1112,36.1,49.6,240
South-central AK,Kachemak Bay,,,2013-04-06,Capture,176721947,Male,After Hatch Year,1119,35.2,43.8,241
South-central AK,Kachemak Bay,,,2013-04-08,Capture,176721722,Male,After Hatch Year,1093,35,41.9,242
South-central AK,Kachemak Bay,,,2013-04-06,Capture,176721945,Male,After Hatch Year,1031,35.2,43.2,242
South-central AK,Kachemak Bay,,,2013-04-04,Capture,176721917,Male,After Hatch Year,1028,34.6,45,242
South-central AK,Kachemak Bay,,,2013-04-06,Capture,176721948,Male,After Hatch Year,1082,35.5,41.5,243
South-central AK,Kachemak Bay,,,2013-04-06,Capture,176721946,Male,After Hatch Year,1170,35.8,42.3,243
South-central AK,Kachemak Bay,,,2013-04-04,Capture,176721930,Male,After Hatch Year,1062,35.9,42.2,245
South-central AK,Kachemak Bay,,,2013-04-05,Capture,176721940,Male,After Hatch Year,899,34.1,43.4,245
South-central AK,Kachemak Bay,,,2013-04-04,Capture,176721918,Male,After Hatch Year,1169,35.1,44.7,245
South-central AK,Kachemak Bay,,,2013-04-04,Capture,176721923,Male,After Hatch Year,1044,33.9,43,249
South-central AK,Kachemak Bay,,,2013-04-04,Capture,176721919,Male,After Hatch Year,1128,35.9,44.1,250
South-central AK,Kachemak Bay,,,2013-04-02,Capture,176721907,Male,After Hatch Year,1103,33.7,43.6,
South-central AK,Kachemak Bay,,,2013-04-01,Capture,,Female,After Hatch Year,825,,,
South-central AK,Kachemak Bay,,,2013-04-04,Capture,176721714,Male,After Hatch Year,,,,
South-central AK,Kachemak Bay,,,2013-04-04,Capture,176721715,Male,After Hatch Year,,,,
North BC,Kiskosh Inlet,53.51667,-129.25746,2014-04-13,Capture,176715105,Male,Hatch Year,965,35.45,42.58,226
North BC,Kiskosh Inlet,53.51667,-129.25746,2014-04-13,Capture,176715106,Male,Hatch Year,1056,35.54,42.11,235
North BC,Kiskosh Inlet,53.51667,-129.25746,2014-04-13,Capture,176715104,Male,After Hatch Year,987,35.06,40.17,240
North BC,Kiskosh Inlet,53.51667,-129.25746,2014-04-12,Capture,176715101,Male,After Hatch Year,1145,34.48,40.94,242
North BC,Kitimat Arm,53.89989,-128.67862,2014-04-25,Capture,176715197,Female,After Hatch Year,891,31.96,37.6,215
North BC,Kitimat Arm,53.93348,-128.71919,2014-04-22,Capture,176715185,Female,After Hatch Year,866,32.99,36.83,218
North BC,Kitimat Arm,53.89989,-128.67862,2014-04-25,Capture,176715199,Female,After Hatch Year,791,30.98,37.06,218
North BC,Kitimat Arm,53.93348,-128.71919,2014-04-22,Capture,176715186,Female,After Hatch Year,834,31.54,37.87,219
North BC,Kitimat Arm,53.93348,-128.71919,2014-04-23,Capture,176715188,Female,After Hatch Year,816,31.1,39.48,222
North BC,Kitimat Arm,53.93348,-128.71919,2014-04-23,Capture,176715196,Male,After Hatch Year,1030,35.14,41.29,232
North BC,Kitimat Arm,53.93348,-128.71919,2014-04-23,Capture,176715189,Male,Hatch Year,1015,35.34,43.3,232
North BC,Kitimat Arm,53.93348,-128.71919,2014-04-22,Capture,176715184,Male,After Hatch Year,1156,34.11,40.81,233
North BC,Kitimat Arm,53.93348,-128.71919,2014-04-23,Capture,176715187,Male,After Hatch Year,1041,35.83,40.62,235
North BC,Kitimat Arm,53.93348,-128.71919,2014-04-22,Capture,176715174,Male,After Hatch Year,1135,37.89,41.38,235
North BC,Kitimat Arm,53.93348,-128.71919,2014-04-23,Capture,176715190,Male,After Hatch Year,1091,34.31,41.42,238
North BC,Kitimat Arm,53.89989,-128.67862,2014-04-25,Capture,176715198,Male,After Hatch Year,1182,35.13,43.05,238
North BC,Kitimat Arm,53.93348,-128.71919,2014-04-23,Capture,176715192,Male,After Hatch Year,1097,36.6,40.68,240
North BC,Kitimat Arm,53.93348,-128.71919,2014-04-23,Capture,176715193,Male,After Hatch Year,1058,36.95,41.73,240
North BC,Kitimat Arm,53.93348,-128.71919,2014-04-22,Capture,176715173,Male,After Hatch Year,1155,34.82,43.63,240
North BC,Kitimat Arm,53.93348,-128.71919,2014-04-23,Capture,176715191,Male,After Hatch Year,1007,35.22,40.43,241
North BC,Kitimat Arm,53.93348,-128.71919,2014-04-22,Capture,176715183,Male,After Hatch Year,973,34.04,41.52,241
North BC,Kitimat Arm,53.93348,-128.71919,2014-04-22,Capture,176715182,Male,After Hatch Year,1041,34.87,41.42,245
North BC,Lower Douglas Channel,53.42379,-129.24864,2014-04-16,Capture,176715132,Female,After Hatch Year,706,31.25,36.76,205
North BC,Lower Douglas Channel,53.39537,-129.27579,2014-04-14,Capture,176715112,Female,After Hatch Year,698,31.31,37.28,207
North BC,Lower Douglas Channel,53.39537,-129.27579,2014-04-14,Capture,176715113,Female,After Hatch Year,672,29.96,36.12,208
North BC,Lower Douglas Channel,53.42379,-129.24864,2014-04-16,Capture,176715136,Female,Hatch Year,701,31.49,37.33,210
North BC,Lower Douglas Channel,53.42379,-129.24864,2014-04-16,Capture,176715134,Female,After Hatch Year,747,32.23,36.7,212
North BC,Lower Douglas Channel,53.41579,-129.25568,2014-04-19,Capture,176715167,Female,After Hatch Year,750,30.44,37.4,214
North BC,Lower Douglas Channel,53.41579,-129.25568,2014-04-17,Capture,176715155,Female,After Hatch Year,802,32,37.71,216
North BC,Lower Douglas Channel,53.39537,-129.27579,2014-04-15,Capture,176715126,Female,After Hatch Year,768,32.88,38.16,222
North BC,Lower Douglas Channel,53.41579,-129.25568,2014-04-19,Capture,176715168,Male,Hatch Year,940,32.55,40.3,226
North BC,Lower Douglas Channel,53.42379,-129.24864,2014-04-16,Capture,176715137,Male,Hatch Year,1004,34.33,42.18,228
North BC,Lower Douglas Channel,53.41579,-129.25568,2014-04-19,Capture,176715157,Male,Hatch Year,1004,35.05,41.39,229
North BC,Lower Douglas Channel,53.41579,-129.25568,2014-04-19,Capture,176715156,Male,Hatch Year,994,35.1,41.36,232
North BC,Lower Douglas Channel,53.39537,-129.27579,2014-04-15,Capture,176715124,Male,Hatch Year,1007,36.39,42.93,234
North BC,Lower Douglas Channel,53.41579,-129.25568,2014-04-17,Capture,176715154,Male,Hatch Year,926,35.94,41.74,235
North BC,Lower Douglas Channel,53.42379,-129.24864,2014-04-16,Capture,176715133,Male,After Hatch Year,1084,34.81,41.89,236
North BC,Lower Douglas Channel,53.39537,-129.27579,2014-04-14,Capture,176715111,Male,After Hatch Year,1110,34.75,40.53,238
North BC,Lower Douglas Channel,53.39537,-129.27579,2014-04-14,Capture,176715122,Male,After Hatch Year,1148,36.95,47.98,239
North BC,Lower Douglas Channel,53.41579,-129.25568,2014-04-16,Capture,176715135,Male,After Hatch Year,1098,35.39,41.76,241
North BC,Lower Douglas Channel,53.39894,-129.28799,2014-04-15,Capture,176715128,Male,After Hatch Year,1193,35.52,42.26,243
South BC,Orlomah Beach,49.37267,-122.88842,2011-04-05,Capture,154736498,Female,After Hatch Year,765,30.91,36.16,213
South BC,Orlomah Beach,49.37267,-122.88842,2011-04-05,Capture,154736495,Female,After Hatch Year,682,31.61,36.57,219
South BC,Orlomah Beach,49.37267,-122.88842,2011-04-05,Capture,154736496,Female,After Hatch Year,803,32.47,36.58,219
South BC,Orlomah Beach,49.37267,-122.88842,2011-04-05,Capture,154736497,Female,After Hatch Year,756,32.68,37.8,221
South BC,Orlomah Beach,49.37267,-122.88842,2011-04-06,Capture,154736457,Male,After Hatch Year,926,36.13,39.23,237
South BC,Orlomah Beach,49.37267,-122.88842,2011-04-05,Capture,154736455,Male,After Hatch Year,918,35.46,39.84,237
South BC,Orlomah Beach,49.37267,-122.88842,2011-04-05,Capture,154736452,Male,After Hatch Year,1156,35.93,42.47,237
South BC,Orlomah Beach,49.37267,-122.88842,2011-04-05,Capture,154736454,Male,After Hatch Year,1157,34.99,40.05,238
South BC,Orlomah Beach,49.37267,-122.88842,2011-04-05,Capture,154736500,Male,After Hatch Year,1054,35.74,39.72,239
South BC,Orlomah Beach,49.37267,-122.88842,2011-04-05,Capture,154736499,Male,After Hatch Year,1016,34.66,40.47,242
South BC,Orlomah Beach,49.37267,-122.88842,2011-04-05,Capture,154736453,Male,After Hatch Year,1164,34.66,40.05,243
South BC,Orlomah Beach,49.37267,-122.88842,2011-04-05,Capture,154736451,Male,After Hatch Year,1118,36.1,40.98,243
South-central AK,Prince William Sound,,,1996-12-10,Collection,96KNI04,Female,After Hatch Year,761,31,36.01,203
South-central AK,Prince William Sound,,,1996-12-10,Collection,96KNI03,Female,After Hatch Year,748,31,36.87,206
South-central AK,Prince William Sound,60.4993,-147.94818,2009-03-21,Capture,360701190,Female,Hatch Year,639,29.23,36.76,209
South-central AK,Prince William Sound,60.70737,-148.25693,2009-03-20,Capture,360701185,Female,After Hatch Year,744,31.56,38.28,209
South-central AK,Prince William Sound,60.47193,-147.7118,2009-03-05,Capture,360701155,Female,After Hatch Year,675,30.38,36.88,210
South-central AK,Prince William Sound,,,1997-02-24,Collection,96MON22,Female,After Hatch Year,793,29.8,37.1,210
South-central AK,Prince William Sound,60.49982,-147.9388,2009-03-21,Capture,360701189,Female,Hatch Year,710,30.88,37.11,210
South-central AK,Prince William Sound,60.49948,-147.63652,2005-03-05,Capture,134782505,Female,After Hatch Year,788,32.97,37.89,210
South-central AK,Prince William Sound,,,1996-12-05,Collection,96MON03,Female,After Hatch Year,756,32.58,35.92,211
South-central AK,Prince William Sound,,,1996-12-11,Collection,96KNI12,Female,After Hatch Year,826,32.54,36.3,211
South-central AK,Prince William Sound,60.25042,-147.20663,2005-03-09,Capture,134782523,Female,Hatch Year,633,29.94,37.46,211
South-central AK,Prince William Sound,60.71965,-148.23727,2009-03-20,Capture,360701184,Female,After Hatch Year,747,31.05,37.47,211
South-central AK,Prince William Sound,,,1996-12-10,Collection,96KNI02,Female,After Hatch Year,779,30.02,37.28,212
South-central AK,Prince William Sound,60.28488,-147.42147,2009-03-17,Capture,360701175,Female,Hatch Year,765,30.44,38.69,213
South-central AK,Prince William Sound,60.70702,-148.23167,2009-03-19,Capture,360701179,Female,Hatch Year,806,33.17,39.54,213
South-central AK,Prince William Sound,60.36303,-147.69092,2005-03-06,Capture,134782510,Female,After Hatch Year,675,31.18,36.5,214
South-central AK,Prince William Sound,,,1996-12-11,Collection,96KNI08,Female,After Hatch Year,843,32.36,36.74,214
South-central AK,Prince William Sound,,,1997-02-17,Collection,96MON17,Female,After Hatch Year,876,32.1,37.65,214
South-central AK,Prince William Sound,60.38252,-147.73252,2009-03-07,Capture,360701162,Female,After Hatch Year,738,32.06,39.75,214
South-central AK,Prince William Sound,,,1996-12-13,Collection,96MON09,Female,After Hatch Year,922,32.24,36.89,215
South-central AK,Prince William Sound,,,1997-02-15,Collection,96KNI22,Female,After Hatch Year,795,32.15,37.56,215
South-central AK,Prince William Sound,60.23983,-147.22475,2009-03-14,Capture,360701171,Female,After Hatch Year,770,31.79,37.99,215
South-central AK,Prince William Sound,,,1996-12-10,Collection,96KNI09,Female,After Hatch Year,858,32.58,38.08,215
South-central AK,Prince William Sound,60.70737,-148.25693,2009-03-20,Capture,360701183,Female,After Hatch Year,791,31.91,39.05,215
South-central AK,Prince William Sound,60.41858,-147.78952,2009-03-04,Capture,360701154,Female,After Hatch Year,830,31.95,36.12,216
South-central AK,Prince William Sound,60.36303,-147.69092,2005-03-06,Capture,134782512,Female,After Hatch Year,720,32.11,36.97,216
South-central AK,Prince William Sound,,,1996-12-14,Collection,96MON11,Female,After Hatch Year,897,30.81,37.43,216
South-central AK,Prince William Sound,,,1996-12-07,Collection,96MON05,Female,After Hatch Year,802,32.02,37.74,216
South-central AK,Prince William Sound,60.44077,-147.73495,2009-03-04,Capture,360701153,Female,After Hatch Year,714,29.54,37.93,216
South-central AK,Prince William Sound,60.46825,-147.70783,2005-03-04,Capture,134782503,Female,After Hatch Year,695,31.08,37.05,217
South-central AK,Prince William Sound,,,1996-12-05,Collection,96MON04,Female,After Hatch Year,924,32.33,38.12,217
South-central AK,Prince William Sound,,,1997-02-13,Collection,96KNI15,Female,After Hatch Year,887,33.77,38.2,218
South-central AK,Prince William Sound,,,1997-02-14,Collection,96KNI18,Female,After Hatch Year,916,37.93,31.65,220
South-central AK,Prince William Sound,,,1997-02-14,Collection,96KNI19,Female,After Hatch Year,869,31.64,37.75,220
South-central AK,Prince William Sound,,,1997-02-17,Collection,96MON19,Female,After Hatch Year,849,33.2,38.18,220
South-central AK,Prince William Sound,60.36303,-147.69092,2005-03-06,Capture,134782515,Female,After Hatch Year,873,32.73,37.24,222
South-central AK,Prince William Sound,,,1997-02-14,Collection,96KNI20,Female,After Hatch Year,892,32.1,37.3,222
South-central AK,Prince William Sound,,,1996-12-10,Collection,96KNI01,Male,After Hatch Year,1042,36.73,40.62,225
South-central AK,Prince William Sound,,,1996-12-07,Collection,96MON07,Male,After Hatch Year,1058,33.99,40.87,225
South-central AK,Prince William Sound,60.4963,-147.69705,2009-03-08,Capture,360701163,Male,After Hatch Year,1062,33.54,46.6,226
South-central AK,Prince William Sound,60.34182,-147.12655,2005-03-19,Capture,134782533,Female,After Hatch Year,803,33.47,39.05,227
South-central AK,Prince William Sound,,,1996-12-07,Collection,96MON08,Male,After Hatch Year,1048,35.63,40.85,227
South-central AK,Prince William Sound,,,1996-12-10,Collection,96KNI07,Male,After Hatch Year,1220,34.69,41.8,227
South-central AK,Prince William Sound,,,1997-02-14,Collection,96KNI17,Male,After Hatch Year,1197,41.5,34.18,232
South-central AK,Prince William Sound,60.22412,-147.2774,2005-03-17,Capture,134782530,Male,After Hatch Year,1032,33.62,39.81,232
South-central AK,Prince William Sound,,,1996-12-07,Collection,96MON06,Male,After Hatch Year,1225,35.17,40.04,232
South-central AK,Prince William Sound,60.4891,-147.95048,2009-03-03,Capture,360701151,Male,After Hatch Year,1084,34.28,39.93,233
South-central AK,Prince William Sound,60.36303,-147.69092,2005-03-06,Capture,134782513,Male,After Hatch Year,1045,34.08,39.52,234
South-central AK,Prince William Sound,60.2826,-147.42917,2005-03-24,Capture,134782541,Male,Hatch Year,1059,34.75,40.74,234
South-central AK,Prince William Sound,60.30545,-147.18592,2009-03-11,Capture,360701169,Male,After Hatch Year,1090,35.7,41.87,234
South-central AK,Prince William Sound,,,1997-02-17,Collection,96MON14,Male,After Hatch Year,1121,36.7,42,234
South-central AK,Prince William Sound,60.70737,-148.25693,2009-03-20,Capture,360701181,Male,Hatch Year,1022,36.37,42.31,234
South-central AK,Prince William Sound,60.49928,-147.64015,2009-03-08,Capture,360701166,Male,Hatch Year,1013,34.87,42.73,234
South-central AK,Prince William Sound,,,1996-12-14,Collection,96MON12,Male,After Hatch Year,1164,36.48,,234
South-central AK,Prince William Sound,60.3106,-147.17428,2005-03-12,Capture,134782526,Male,After Hatch Year,1124,32.41,39.8,235
South-central AK,Prince William Sound,,,1997-02-13,Collection,96KNI14,Male,After Hatch Year,1166,34.43,40.41,235
South-central AK,Prince William Sound,,,1997-02-17,Collection,96MON18,Male,After Hatch Year,1173,36,40.7,235
South-central AK,Prince William Sound,,,1997-02-24,Collection,96MON23,Male,After Hatch Year,1043,33.4,40.7,235
South-central AK,Prince William Sound,60.22412,-147.2774,2005-03-17,Capture,134782531,Male,After Hatch Year,1054,33.59,41.28,235
South-central AK,Prince William Sound,60.4963,-147.69705,2009-03-08,Capture,360701164,Male,After Hatch Year,1001,34.56,41.09,236
South-central AK,Prince William Sound,60.70737,-148.25693,2009-03-20,Capture,360701187,Male,After Hatch Year,1145,35.59,42.51,236
South-central AK,Prince William Sound,60.31898,-147.17603,2009-03-11,Capture,360701168,Male,After Hatch Year,1174,34.69,40.83,237
South-central AK,Prince William Sound,60.3764,-147.71058,2009-03-06,Capture,360701157,Male,After Hatch Year,1019,32.7,41.03,237
South-central AK,Prince William Sound,60.29215,-147.39468,2009-03-17,Capture,360701174,Male,After Hatch Year,1064,35.53,41.25,237
South-central AK,Prince William Sound,60.3106,-147.17428,2005-03-12,Capture,134782528,Male,After Hatch Year,1093,35.23,42.18,237
South-central AK,Prince William Sound,60.31898,-147.17603,2009-03-11,Capture,360701167,Male,Hatch Year,1135,37.78,42.42,237
South-central AK,Prince William Sound,60.49928,-147.64015,2009-03-08,Capture,360701165,Male,After Hatch Year,974,35.27,40.14,238
South-central AK,Prince William Sound,,,1997-02-15,Collection,96KNI23,Male,After Hatch Year,1236,35.15,40.87,238
South-central AK,Prince William Sound,60.36303,-147.69092,2005-03-06,Capture,134782511,Male,After Hatch Year,1050,35.45,41.02,238
South-central AK,Prince William Sound,60.2826,-147.42917,2005-03-16,Capture,134782529,Male,After Hatch Year,1035,33.32,41.38,238
South-central AK,Prince William Sound,,,1997-02-18,Collection,96MON15,Male,After Hatch Year,1243,34.9,42,238
South-central AK,Prince William Sound,60.36303,-147.69092,2005-03-06,Capture,134782516,Male,After Hatch Year,1008,33.98,42.13,238
South-central AK,Prince William Sound,60.27345,-147.19163,2009-03-13,Capture,360701170,Male,After Hatch Year,1184,34.46,42.3,238
South-central AK,Prince William Sound,,,1996-12-10,Collection,96KNI05,Male,After Hatch Year,1445,35.29,43.48,238
South-central AK,Prince William Sound,60.34182,-147.12655,2005-03-19,Capture,134782536,Male,After Hatch Year,1158,36.53,41.17,239
South-central AK,Prince William Sound,,,1997-02-17,Collection,96MON13,Male,After Hatch Year,1186,35.6,41.5,239
South-central AK,Prince William Sound,60.70737,-148.25693,2009-03-20,Capture,360701180,Male,After Hatch Year,1113,34.89,41.87,239
South-central AK,Prince William Sound,,,1997-02-15,Collection,96KNI21,Male,After Hatch Year,1213,32.7,41.9,239
South-central AK,Prince William Sound,60.36303,-147.69092,2005-03-06,Capture,134782514,Male,After Hatch Year,1075,36.05,42.03,239
South-central AK,Prince William Sound,,,1997-02-13,Collection,96KNI16,Male,After Hatch Year,1323,33,42.27,239
South-central AK,Prince William Sound,60.71965,-148.23727,2009-03-20,Capture,360701188,Male,After Hatch Year,1044,33.82,42.33,239
South-central AK,Prince William Sound,60.3764,-147.71058,2009-03-06,Capture,360701161,Male,After Hatch Year,1099,33.26,42.54,239
South-central AK,Prince William Sound,60.52818,-148.0103,2009-03-18,Capture,360701176,Male,After Hatch Year,1048,35.55,42.69,239
South-central AK,Prince William Sound,,,1997-02-13,Collection,96KNI13,Male,After Hatch Year,1223,35.96,43.12,239
South-central AK,Prince William Sound,60.22412,-147.2774,2005-03-18,Capture,134782532,Male,After Hatch Year,1118,33.34,41.27,240
South-central AK,Prince William Sound,,,1997-02-17,Collection,96MON21,Male,After Hatch Year,1160,35.9,41.6,240
South-central AK,Prince William Sound,60.34182,-147.12655,2005-03-19,Capture,134782537,Male,After Hatch Year,1038,34.65,41.71,240
South-central AK,Prince William Sound,,,1996-12-05,Collection,96MON02,Male,After Hatch Year,1261,35.58,41.81,240
South-central AK,Prince William Sound,60.3764,-147.71058,2009-03-06,Capture,360701160,Male,After Hatch Year,1064,35.04,42.23,240
South-central AK,Prince William Sound,60.34182,-147.12655,2005-03-19,Capture,134782535,Male,After Hatch Year,1110,34.5,42.87,240
South-central AK,Prince William Sound,,,1997-02-17,Collection,96MON16,Male,After Hatch Year,1124,36.2,43.6,240
South-central AK,Prince William Sound,,,1997-02-15,Collection,96KNI24,Male,After Hatch Year,1261,35.67,40.71,241
South-central AK,Prince William Sound,60.3106,-147.17428,2005-03-20,Capture,134782540,Male,After Hatch Year,1170,34.69,41.08,241
South-central AK,Prince William Sound,60.3106,-147.17428,2005-03-11,Capture,134782524,Male,After Hatch Year,1081,34.02,41.33,241
South-central AK,Prince William Sound,60.43085,-147.76258,2009-03-04,Capture,360701152,Male,After Hatch Year,1109,34.02,41.55,241
South-central AK,Prince William Sound,60.25042,-147.20663,2005-03-09,Capture,134782521,Male,After Hatch Year,1059,34.58,41.61,241
South-central AK,Prince William Sound,60.34182,-147.12655,2005-03-19,Capture,134782539,Male,After Hatch Year,1210,34.46,41.76,241
South-central AK,Prince William Sound,60.46825,-147.70783,2005-03-04,Capture,134782504,Male,After Hatch Year,1200,32.96,41.82,241
South-central AK,Prince William Sound,60.36303,-147.69092,2005-03-06,Capture,134782518,Male,After Hatch Year,998,34.28,39.77,242
South-central AK,Prince William Sound,60.34182,-147.12655,2005-03-19,Capture,134782538,Male,After Hatch Year,1048,36.18,39.78,242
South-central AK,Prince William Sound,,,1996-12-13,Collection,96MON10,Male,After Hatch Year,1273,35.13,41.35,242
South-central AK,Prince William Sound,,,1996-12-10,Collection,96KNI06,Male,After Hatch Year,1258,33.48,41.38,242
South-central AK,Prince William Sound,,,1996-12-11,Collection,96KNI10,Male,After Hatch Year,1289,34.58,41.59,242
South-central AK,Prince William Sound,60.34182,-147.12655,2005-03-19,Capture,134782534,Male,After Hatch Year,1055,33.49,41.6,242
South-central AK,Prince William Sound,,,1997-02-24,Collection,96MON20,Male,After Hatch Year,1170,36.2,41.7,242
South-central AK,Prince William Sound,60.3106,-147.17428,2005-03-12,Capture,134782525,Male,After Hatch Year,1132,34.96,41.81,242
South-central AK,Prince William Sound,60.3106,-147.17428,2005-03-12,Capture,134782527,Male,After Hatch Year,1133,34.02,42,242
South-central AK,Prince William Sound,60.71463,-148.25682,2009-03-19,Capture,360701178,Male,After Hatch Year,1090,34.19,42.14,242
South-central AK,Prince William Sound,60.36303,-147.69092,2005-03-06,Capture,134782508,Male,After Hatch Year,978,33.86,40.59,243
South-central AK,Prince William Sound,60.49948,-147.63652,2005-03-05,Capture,134782507,Male,After Hatch Year,1221,34.66,41.18,243
South-central AK,Prince William Sound,60.3764,-147.71058,2009-03-06,Capture,360701158,Male,After Hatch Year,1155,32.82,42.15,243
South-central AK,Prince William Sound,60.70737,-148.25693,2009-03-20,Capture,360701182,Male,After Hatch Year,1148,32.96,42.65,243
South-central AK,Prince William Sound,60.3764,-147.71058,2009-03-06,Capture,360701156,Male,After Hatch Year,1147,34.68,41.4,244
South-central AK,Prince William Sound,60.38285,-147.75483,2009-03-06,Capture,360701159,Male,After Hatch Year,1124,33.9,41.46,244
South-central AK,Prince William Sound,60.52818,-148.0103,2009-03-18,Capture,360701177,Male,After Hatch Year,1097,34.26,41.66,244
South-central AK,Prince William Sound,,,1996-12-11,Collection,96KNI11,Male,After Hatch Year,1383,37.41,41.85,244
South-central AK,Prince William Sound,,,1996-12-05,Collection,96MON01,Male,After Hatch Year,1077,35.06,42.03,244
South-central AK,Prince William Sound,60.36303,-147.69092,2005-03-06,Capture,134782509,Male,After Hatch Year,1175,34.88,42.25,244
South-central AK,Prince William Sound,60.46825,-147.70783,2005-03-04,Capture,134782502,Male,After Hatch Year,1155,33.91,40.01,245
South-central AK,Prince William Sound,60.46825,-147.70783,2005-03-04,Capture,134782501,Male,After Hatch Year,1090,34.99,40.15,245
South-central AK,Prince William Sound,60.23983,-147.22475,2009-03-14,Capture,360701172,Male,After Hatch Year,1030,36.76,43.58,245
South-central AK,Prince William Sound,60.36303,-147.69092,2005-03-06,Capture,134782517,Male,After Hatch Year,1141,33.4,41.78,246
South-central AK,Prince William Sound,60.70737,-148.25693,2009-03-20,Capture,360701186,Male,After Hatch Year,1110,33.57,42.51,246
South-central AK,Prince William Sound,60.25042,-147.20663,2005-03-09,Capture,134782522,Male,After Hatch Year,1147,34.03,40.9,248
South-central AK,Prince William Sound,60.49473,-147.69453,2005-03-05,Capture,134782506,Male,After Hatch Year,1134,35.63,41.89,251
South BC,Twin Island,49.34785,-122.88975,2007-02-08,Capture,154736339,Female,Hatch Year,663,31.44,36.7,209
South BC,Twin Island,49.34785,-122.88975,2007-02-08,Capture,154736343,Female,Hatch Year,773,30.85,38.07,213
South BC,Twin Island,49.34785,-122.88975,2007-02-08,Capture,154736340,Female,After Hatch Year,853,31.16,36.89,221
South BC,Twin Island,49.34785,-122.88975,2007-02-08,Capture,154736341,Female,After Hatch Year,707,30.87,37.23,221
South BC,Twin Island,49.34785,-122.88975,2007-02-08,Capture,154736338,Male,Hatch Year,1052,34.25,43.35,235
South BC,Twin Island,49.34785,-122.88975,2007-02-08,Capture,154736337,Male,After Hatch Year,1052,34.35,39.75,237
South BC,Twin Island,49.34785,-122.88975,2007-02-08,Capture,154736342,Male,After Hatch Year,1176,35.05,41.38,246
South BC,White Rock,49.02467,-122.86839,2015-03-10,Capture,176715200,Female,After Hatch Year,749,37.44,32.22,213
